{"cameraMode":{"drawMode":0,"name":"Shaded","section":"Shading Mode"},"sceneLighting":true,"audioPlay":false,"sceneViewState":{"m_AlwaysRefresh":false,"showFog":true,"showSkybox":true,"showFlares":true,"showImageEffects":true,"showParticleSystems":true,"showVisualEffectGraphs":true,"m_FxEnabled":true},"in2DMode":false,"pivot":{"x":-8.547160148620606,"y":2.4244143962860109,"z":-17.573680877685548},"rotation":{"x":0.03678923100233078,"y":-0.9561623930931091,"z":0.1374908685684204,"w":0.25600001215934756},"size":16.191694259643556,"orthographic":false}